{ "note":"Git Up F1 v1.2",
  "toolClass": "org.vmax.amba.bitrate.BitrateTool",
  "fwFileName": "FWF1.bin",
  "verify": [
    {
      "addr": 5272368,
      "val": "FWF1"
    },
    {
      "addr": 5273188,
      "val": "F1-V1.2"
    },
    {
      "addr": 5273196,
      "val": "20180103"
    },
    {
      //section crc
      "addr":252,
      "crc": {
        "fromAddr":508,
        "len":5740512
      }
    }
  ],
  "videoModes": [
    { //0
      "name": "3840x2160 30P",
      "inUse": true
    },
    { //1
      "name": "3840x2160 24P",
      "inUse": true
    },
    { //2
      "name": "3840x2160 15P",
      "inUse": true
    },
    { //3
      "name": "2880x2160 30P",
      "inUse": true
    },
    { //4
      "name": "2560x1920 30P",
      "inUse": true
    },
    { //5
      "name": "2560x1440 60P",
      "inUse": true
    },
    { //6
      "name": "2560x1440 30P",
      "inUse": true
    },
    { //7
      "name": "HDR 2560x1440 30P",
      "inUse": true
    },
    { //8
      "name": "2304x1296 30P",
      "inUse": true
    },
    { //9
      "name": "1920x1440 60P",
      "inUse": true
    },
    { //10
      "name": "1920x1440 30P",
      "inUse": true
    },
    { //11
      "name": "1920x1080 60P",
      "inUse": true
    },
    { //12
      "name": "HDR 1920x1080 60P",
      "inUse": true
    },
    { //13
      "name": "1920x1080 40P",
      "inUse": true
    },
    { //14
      "name": "1920x1080 30P",
      "inUse": true
    },
    { //15
      "name": "HDR 1920x1080 30P",
      "inUse": true
    },
    { //16
      "name": "1920x1080 60I",
      "inUse": true
    },
    { //17
      "name": "1440x1080 60P",
      "inUse": true
    },
    { //18
      "name": "1440x1080 30P",
      "inUse": true
    },
    { //19
      "name": "1440x1080 60I",
      "inUse": true
    },
    { //20
      "name": "1600x1200 60P",
      "inUse": true
    },
    { //21
      "name": "1600x1200 30P",
      "inUse": true
    },
    { //22
      "name": "1440x1080 30P",
      "inUse": true
    },
    { //23
      "name": "1600x900 30P",
      "inUse": true
    },
    { //24
      "name": "1280x720 60P",
      "inUse": true
    },
    { //25
      "name": "HDR 1280x720 30P",
      "inUse": true
    },
    { //26
      "name": "1280x720 30P",
      "inUse": true
    },
    { //27
      "name": "HDR 1280x720 30P",
      "inUse": true
    },
    { //28
      "name": "848x480 60P",
      "inUse": true
    },
    { //29
      "name": "848x480 30P",
      "inUse": true
    },
    { //30
      "name": "720x480 60P",
      "inUse": true
    },
    { //31
      "name": "720x480 30P",
      "inUse": true
    },
    { //32
      "name": "1280x960 60P",
      "inUse": true
    },
    { //33
      "name": "1280x960 30P",
      "inUse": true
    },
    { //34
      "name": "960x540 30P",
      "inUse": true
    },
    { //35
      "name": "640x360 30P",
      "inUse": true
    },
    { //36
      "name": "640x480 60P",
      "inUse": true
    },
    { //37
      "name": "640x480 30P",
      "inUse": true
    },
    { //38
      "name": "432x240 60P",
      "inUse": true
    },
    { //39
      "name": "432x240 30P",
      "inUse": true
    },
    { //40
      "name": "320x240 30P",
      "inUse": true
    },
    { //41
      "name": "352x240 30P",
      "inUse": true
    },
    { //42
      "name": "2560x1440 50P",
      "inUse": true
    },
    { //43
      "name": "1920x1080 48P",
      "inUse": true
    },
    { //44
      "name": "1920x1080 24P",
      "inUse": true
    },
    { //45
      "name": "1920x1080 15P",
      "inUse": true
    },
    { //46
      "name": "1600x1200 48P",
      "inUse": true
    },
    { //47
      "name": "1600x1200 24P",
      "inUse": true
    },
    { //48
      "name": "1280x960 48P",
      "inUse": true
    },
    { //49
      "name": "1280x960 24P",
      "inUse": true
    },
    { //50
      "name": "1280x720 48P",
      "inUse": true
    },
    { //51
      "name": "1280x720 24P",
      "inUse": true
    },
    { //52
      "name": "848x480 48P",
      "inUse": true
    }, 
    { //53
      "name": "848x480 24P",
      "inUse": true
    },
    { //54
      "name": "640x480 48P",
      "inUse": true
    },
    { //55
      "name": "640x480 24P",
      "inUse": true
    },
    { //56
      "name": "Precise",
      "inUse": true
    },
    { //57
      "name": "1920x1080 120P",
      "inUse": true
    },
    { //58
      "name": "1920x1080 100P",
      "inUse": true
    },
    { //59
      "name": "1280x720 240P",
      "inUse": true
    },
    { //60
      "name": "1280x720 200P",
      "inUse": true
    },
    { //61
      "name": "1280x720 120P",
      "inUse": true
    },
    { //62
      "name": "848x480 240P",
      "inUse": true
    },
    { //63
      "name": "848x480 120P",
      "inUse": true
    },
    { //64
      "name": "640x480 240P",
      "inUse": true
    },
    { //65
      "name": "640x480 120P",
      "inUse": true
    },
    { //66
      "name": "432x240 240P",
      "inUse": true
    },
    { //67
      "name": "432x240 120P",
      "inUse": true
    },
    { //68
      "name": "320x240 120P",
      "inUse": true
    }
  ],
  "qualities": [
    "fine",
    "standard",
    "economy"
  ],
  "bitratesTableAddress": 5451180,
  "gopTableAddress": 5463608,

  "validate": {
     "bitrate": {"min":1, "max":150},
     "min": {"min":0.50, "max":1.00},
     "max": {"min":1.00, "max":1.50}
  }
}