{ "note":"YI 4k Plus v1.4.14",
  "preProcessor": {
    "className":"org.vmax.bitrate.plugins.Yi4kProcessor",
    "fwFileName": "Yi4kPlus_v1.4.14.bin"
  },
  "postProcessor": {
    "className":"org.vmax.bitrate.plugins.Yi4kProcessor",
    "fwFileName": "Yi4kPlus_v1.4.14.bin"
  },

  "fwFileName": "1.4.14.dexored",
  "verify": [
    {
      "addr": 0,
      "val": "Z18"
    },
    {
      "addr": 488,
      "val": "Z18V13L_1.4.14_build-20180622051900_git-bd1c9b2c_r1019"
    },
    {
      "addr":32,
      "crc": {
         "fromAddr":2220,
         "len":67166785
      }
    }
  ],

  "videoModes": [
    {"inUse": true, "name":"3840x2160 30P 16:9"},
    {"inUse": true, "name":"3840x2160 24P 16:9"},
    {"inUse": true, "name":"3840x2160 48P 16:9"},
    {"inUse": true, "name":"3840x2160 60P 16:9"},
    {"inUse": true, "name":"3840x2160 30P 16:9 super"},
    {"inUse": true, "name":"3840x2160 15P 16:9"},
    {"inUse": true, "name":"4000x3008 30P 4:3"},
    {"inUse": true, "name":"2976x2976 30P 1:1"},
    {"inUse": true, "name":"2688x2688 30P 1:1"},
    {"inUse": true, "name":"2720x1520 60P 16:9"},
    {"inUse": true, "name":"2720x1520 30P 16:9"},
    {"inUse": true, "name":"2720x1520 24P 16:9"},
    {"inUse": true, "name":"2720x1520 48P 16:9"},
    {"inUse": true, "name":"2720x1520 30P 16:9 super"},
    {"inUse": true, "name":"2720x2032 30P 4:3"},
    {"inUse": true, "name":"2560x1920 30P 4:3"},
    {"inUse": true, "name":"2560x1440 60P 16:9"},
    {"inUse": true, "name":"2560x1440 30P 16:9"},
    {"inUse": true, "name":"HDR 2560x1440 30P 16:9"},
    {"inUse": true, "name":"2304x1296 30P 16:9"},
    {"inUse": true, "name":"1920x1440 60P 4:3"},
    {"inUse": true, "name":"1920x1440 30P 4:3"},
    {"inUse": true, "name":"1920x1440 24P 4:3"},
    {"inUse": true, "name":"1920x1440 48P 4:3"},
    {"inUse": true, "name":"1920x1080 60P 16:9"},
    {"inUse": true, "name":"HDR 1920x1080 60P 16:9"},
    {"inUse": true, "name":"1920x1080 60P 16:9 super"},
    {"inUse": true, "name":"1920x1080 45P 16:9"},
    {"inUse": true, "name":"1920x1080 40P 16:9"},
    {"inUse": true, "name":"1920x1080 30P 16:9"},
    {"inUse": true, "name":"1920x1080 30P 16:9 super"},
    {"inUse": true, "name":"HDR 1920x1080 30P 16:9"},
    {"inUse": true, "name":"1920x1080 60I 16:9"},
    {"inUse": true, "name":"1440x1080 60P 16:9"},
    {"inUse": true, "name":"1440x1080 30P 16:9"},
    {"inUse": true, "name":"1440x1080 60I 16:9"},
    {"inUse": true, "name":"1600x1200 60P 4:3"},
    {"inUse": true, "name":"1600x1200 30P 4:3"},
    {"inUse": true, "name":"1440x1080 30P 4:3"},
    {"inUse": true, "name":"1600x900 30P 16:9"},
    {"inUse": true, "name":"1280x720 60P 16:9"},
    {"inUse": true, "name":"1280x720 60P 16:9 super"},
    {"inUse": true, "name":"1280x720 30P 16:9"},
    {"inUse": true, "name":"HDR1280x720 30P 16:9"},
    {"inUse": true, "name":"864x480 60P 16:9"},
    {"inUse": true, "name":"864x480 30P 16:9"},
    {"inUse": true, "name":"864x480 30P 16:9 super"},
    {"inUse": true, "name":"864x480 60P 16:9 super"},
    {"inUse": true, "name":"720x480 60P 16:9"},
    {"inUse": true, "name":"720x480 30P 4:3"},
    {"inUse": true, "name":"1280x960 60P 4:3"},
    {"inUse": true, "name":"1280x960 30P 4:3"},
    {"inUse": true, "name":"960x540 30P 16:9"},
    {"inUse": true, "name":"640x360 30P 16:9"},
    {"inUse": true, "name":"640x480 60P 4:3"},
    {"inUse": true, "name":"640x480 30P 4:3"},
    {"inUse": true, "name":"432x240 60P 16:9"},
    {"inUse": true, "name":"432x240 30P 16:9"},
    {"inUse": true, "name":"320x240 30P 4:3"},
    {"inUse": true, "name":"352x240 30P 4:3"},
    {"inUse": true, "name":"2560x1440 50P 16:9"},
    {"inUse": true, "name":"1920x1080 48P 16:9"},
    {"inUse": true, "name":"1920x1080 24P 16:9"},
    {"inUse": true, "name":"1920x1080 15P 16:9"},
    {"inUse": true, "name":"1600x1200 48P 4:3"},
    {"inUse": true, "name":"1600x1200 24P 4:3"},
    {"inUse": true, "name":"1280x960 48P 4:3"},
    {"inUse": true, "name":"1280x960 24P 4:3"},
    {"inUse": true, "name":"1280x720 48P 16:9"},
    {"inUse": true, "name":"1280x720 24P 16:9"},
    {"inUse": true, "name":"864x480 48P 16:9"},
    {"inUse": true, "name":"864x480 24P 16:9"},
    {"inUse": true, "name":"640x480 48P 4:3"},
    {"inUse": true, "name":"640x480 24P 4:3"},
    {"inUse": true, "name":"Precise"},
    {"inUse": true, "name":"1920x1080 120P 16:9"},
    {"inUse": true, "name":"1920x1080 120P 16:9 super"},
    {"inUse": true, "name":"1920x1080 100P 16:9"},
    {"inUse": true, "name":"1280x720 240P 16:9"},
    {"inUse": true, "name":"1280x720 200P 16:9"},
    {"inUse": true, "name":"1280x720 120P 16:9"},
    {"inUse": true, "name":"1280x720 120P 16:9 super"},
    {"inUse": true, "name":"864x480 240P 16:9"},
    {"inUse": true, "name":"864x480 120P 16:9"},
    {"inUse": true, "name":"864x480 90P 16:9 super"},
    {"inUse": true, "name":"864x480 120P 16:9 super"},
    {"inUse": true, "name":"640x480 240P 4:3"},
    {"inUse": true, "name":"640x480 120P 4:3"},
    {"inUse": true, "name":"432x240 240P 16:9"},
    {"inUse": true, "name":"432x240 120P 16:9"},
    {"inUse": true, "name":"320x240 120P 4:3"},
    {"inUse": true, "name":"1280x960 120P 4:3"},
    {"inUse": true, "name":"1920x1080 90P 16:9 super"}
  ],
  "qualities": [
    "fine",
    "standard",
    "economy"
  ],
  "sectionStartAddr": 587260,
  "sectionLen": 13754724,
  "sectionCrcAddr": 587260,
  "bitratesTableAddress": 11703164,
  "gopTableAddress":11773104,

  "validate": {
     "bitrate": {"min":1, "max":150},
     "min": {"min":0.50, "max":1.00},
     "max": {"min":1.00, "max":1.50}
  }
}